<?xml version="1.0" encoding="UTF-8"?><!--
        *** GENERATED FROM jax-ws.xml - DO NOT EDIT !                             ***
        *** TO MODIFY wsimport options USE Web Service node -> Edit WS Attributes ***
        *** TO CHANGE TARGETS GENERATED TO jaxws-build.xml COPY THOSE             ***
        *** TARGETS TO ../build.xml AND MODIFY THAT FILE INSTEAD                  ***

        --><project xmlns:xalan="http://xml.apache.org/xslt" xmlns:j2seproject3="http://www.netbeans.org/ns/j2se-project/3" xmlns:jaxws="http://www.netbeans.org/ns/jax-ws/1">
    <!--
                ===================
                JAX-WS WSIMPORT SECTION
                ===================
            -->
    <target name="wsimport-init" depends="init">
        <mkdir dir="${build.generated.sources.dir}/jax-ws"/>
        <taskdef name="wsimport" classname="com.sun.tools.ws.ant.WsImport">
            <classpath path="${libs.jaxws21.classpath}"/>
        </taskdef>
    </target>
    <target name="wsimport-client-PayPalWebService" depends="wsimport-init">
        <mkdir dir="${build.generated.dir}/jax-wsCache/PayPalWebService"/>
        <property name="wsdl-PayPalWebService" location="xml-resources/web-service-references/PayPalWebService/wsdl/mons-pc_8080/PayPal/PayPalWebService.wsdl"/>
        <wsimport sourcedestdir="${build.generated.dir}/jax-wsCache/PayPalWebService" destdir="${build.generated.dir}/jax-wsCache/PayPalWebService" wsdl="${wsdl-PayPalWebService}" catalog="catalog.xml" encoding="${source.encoding}" extension="true" verbose="true" fork="false" wsdlLocation="http://mons-pc:8080/PayPal/PayPalWebService?wsdl" xnocompile="true" xendorsed="true">
            <depends file="${wsdl-PayPalWebService}"/>
            <produces dir="${build.generated.dir}/jax-wsCache/PayPalWebService"/>
        </wsimport>
        <copy todir="${build.generated.sources.dir}/jax-ws">
            <fileset dir="${build.generated.dir}/jax-wsCache/PayPalWebService">
                <include name="**/*.java"/>
            </fileset>
        </copy>
    </target>
    <target name="wsimport-client-clean-PayPalWebService" depends="-init-project">
        <delete dir="${build.generated.dir}/jax-wsCache/PayPalWebService"/>
        <delete dir="${build.generated.sources.dir}/jax-ws/com/mycart"/>
    </target>
    <target name="wsimport-client-PayPalWebService_1" depends="wsimport-init">
        <mkdir dir="${build.generated.dir}/jax-wsCache/PayPalWebService_1"/>
        <property name="wsdl-PayPalWebService_1" location="xml-resources/web-service-references/PayPalWebService_1/wsdl/mons-pc_8080/PayPal/PayPalWebService.wsdl"/>
        <wsimport sourcedestdir="${build.generated.dir}/jax-wsCache/PayPalWebService_1" destdir="${build.generated.dir}/jax-wsCache/PayPalWebService_1" wsdl="${wsdl-PayPalWebService_1}" catalog="catalog.xml" encoding="${source.encoding}" extension="true" verbose="true" fork="false" wsdlLocation="http://mons-pc:8080/PayPal/PayPalWebService?wsdl" xnocompile="true" xendorsed="true">
            <depends file="${wsdl-PayPalWebService_1}"/>
            <produces dir="${build.generated.dir}/jax-wsCache/PayPalWebService_1"/>
        </wsimport>
        <copy todir="${build.generated.sources.dir}/jax-ws">
            <fileset dir="${build.generated.dir}/jax-wsCache/PayPalWebService_1">
                <include name="**/*.java"/>
            </fileset>
        </copy>
    </target>
    <target name="wsimport-client-clean-PayPalWebService_1" depends="-init-project">
        <delete dir="${build.generated.dir}/jax-wsCache/PayPalWebService_1"/>
        <delete dir="${build.generated.sources.dir}/jax-ws/com/mycart"/>
    </target>
    <target name="wsimport-client-MasterCardWebService" depends="wsimport-init">
        <mkdir dir="${build.generated.dir}/jax-wsCache/MasterCardWebService"/>
        <property name="wsdl-MasterCardWebService" location="xml-resources/web-service-references/MasterCardWebService/wsdl/mons-pc_8080/MasterCard/MasterCardWebService.wsdl"/>
        <wsimport sourcedestdir="${build.generated.dir}/jax-wsCache/MasterCardWebService" destdir="${build.generated.dir}/jax-wsCache/MasterCardWebService" wsdl="${wsdl-MasterCardWebService}" catalog="catalog.xml" encoding="${source.encoding}" extension="true" verbose="true" fork="false" wsdlLocation="http://mons-pc:8080/MasterCard/MasterCardWebService?wsdl" xnocompile="true" xendorsed="true">
            <depends file="${wsdl-MasterCardWebService}"/>
            <produces dir="${build.generated.dir}/jax-wsCache/MasterCardWebService"/>
        </wsimport>
        <copy todir="${build.generated.sources.dir}/jax-ws">
            <fileset dir="${build.generated.dir}/jax-wsCache/MasterCardWebService">
                <include name="**/*.java"/>
            </fileset>
        </copy>
    </target>
    <target name="wsimport-client-clean-MasterCardWebService" depends="-init-project">
        <delete dir="${build.generated.dir}/jax-wsCache/MasterCardWebService"/>
        <delete dir="${build.generated.sources.dir}/jax-ws/com/mycart"/>
    </target>
    <target name="wsimport-client-VisaWebService" depends="wsimport-init">
        <mkdir dir="${build.generated.dir}/jax-wsCache/VisaWebService"/>
        <property name="wsdl-VisaWebService" location="xml-resources/web-service-references/VisaWebService/wsdl/mons-pc_8080/Visa/VisaWebService.wsdl"/>
        <wsimport sourcedestdir="${build.generated.dir}/jax-wsCache/VisaWebService" destdir="${build.generated.dir}/jax-wsCache/VisaWebService" wsdl="${wsdl-VisaWebService}" catalog="catalog.xml" encoding="${source.encoding}" extension="true" verbose="true" fork="false" wsdlLocation="http://mons-pc:8080/Visa/VisaWebService?wsdl" xnocompile="true" xendorsed="true">
            <depends file="${wsdl-VisaWebService}"/>
            <produces dir="${build.generated.dir}/jax-wsCache/VisaWebService"/>
        </wsimport>
        <copy todir="${build.generated.sources.dir}/jax-ws">
            <fileset dir="${build.generated.dir}/jax-wsCache/VisaWebService">
                <include name="**/*.java"/>
            </fileset>
        </copy>
    </target>
    <target name="wsimport-client-clean-VisaWebService" depends="-init-project">
        <delete dir="${build.generated.dir}/jax-wsCache/VisaWebService"/>
        <delete dir="${build.generated.sources.dir}/jax-ws/com/mycart"/>
    </target>
    <target name="wsimport-client-generate" depends="wsimport-client-PayPalWebService, wsimport-client-PayPalWebService_1, wsimport-client-MasterCardWebService, wsimport-client-VisaWebService"/>
</project>
